Name,locus,annot,period_WT,period_toc1,dperiod,amp_WT,WT1pMMC,WT2pMMC,T1pMMC,T2pMMC,rhythmic_WT,rhythmic_toc1,period_class,does_not_shorten
264605_at,AT1G04550,IAA12 (AUXIN-INDUCED PROTEIN 12); transcription factor,23.05,22.450000000000003,-0.5999999999999979,1.00989965287644,0.0102,0.0287,0.015,0.0221,True,True,invariant,True
261581_at,AT1G01140,CIPK9 (CBL-INTERACTING PROTEIN KINASE 9); kinase,24.95,24.35,-0.5999999999999979,1.2535655399736196,0.0226,0.0264,0.0056,0.0261,True,True,invariant,True
261272_at,AT1G26665,similar to RNA polymerase II mediator complex protein-related [Arabidopsis thaliana] (TAIR:AT5G41910.1); similar to unnamed protein product [Vitis vinifera] (GB:CAO62915.1); contains domain PTHR13345:SF2 (PTHR13345:SF2); contains domain PD331788 (PD331788); contains domain PTHR13345 (PTHR13345),25.2,24.6,-0.5999999999999979,1.3753818271177054,0.0285,0.0157,0.0819,0.0852,True,True,invariant,True
247937_at,AT5G57110,"ACA8 (AUTOINHIBITED CA2+ -ATPASE, ISOFORM 8); calcium-transporting ATPase/ calmodulin binding",23.3,22.700000000000003,-0.5999999999999979,2.384338269446385,0.0164,0.0063,0.0152,0.0117,True,True,invariant,True
251713_at,AT3G56080,dehydration-responsive protein-related,22.950000000000003,22.4,-0.5500000000000043,1.9868562122211197,0.0093,0.0181,0.0157,0.0218,True,True,invariant,True
248195_at,AT5G54110,ATMAMI (ARABIDOPSIS THALIANA MEMBRANE-ASSOCIATED MANNITOL-INDUCED); structural molecule,23.700000000000003,23.15,-0.5500000000000043,1.3776403013394352,0.0106,0.0086,0.0535,0.0122,True,True,invariant,True
245281_at,AT4G15560,CLA1 (CLOROPLASTOS ALTERADOS 1),22.2,21.65,-0.5500000000000007,1.2745052675881992,0.0334,0.0172,0.0348,0.0644,True,True,invariant,True
245038_at,AT2G26560,PLP2 (PHOSPHOLIPASE A 2A); nutrient reservoir,23.3,22.75,-0.5500000000000007,2.107347441324821,0.0186,0.009,0.03,0.0443,True,True,invariant,True
266720_s_at,AT2G46670;AT2G46790,"[AT2G46670, pseudo-response regulator, putative / timing of CAB expression 1-like protein, putative];[AT2G46790, APRR9 (PSEUDO-RESPONSE REGULATOR 9); transcription regulator]",23.65,23.1,-0.5499999999999972,2.788809993166895,0.0077,0.0135,0.008,0.0111,True,True,invariant,True
261417_at,AT1G07700,thioredoxin family protein,22.9,22.35,-0.5499999999999972,1.1875661859861149,0.0143,0.0254,0.0078,0.0698,True,True,invariant,True
246126_at,AT5G20070,ATNUDT19 (Arabidopsis thaliana Nudix hydrolase homolog 19); hydrolase,22.9,22.35,-0.5499999999999972,1.37417932196609,0.0113,0.0254,0.0093,0.00681,True,True,invariant,True
259786_at,AT1G29660,GDSL-motif lipase/hydrolase family protein,23.950000000000003,23.45,-0.5000000000000036,1.3956472053395501,0.0201,0.0142,0.042,0.0116,True,True,invariant,True
266166_at,AT2G28080,glycosyltransferase family protein,26.200000000000003,25.7,-0.5000000000000036,0.9473218571575455,0.0333,0.02,0.095,0.0409,True,True,invariant,True
264479_at,AT1G77280,protein kinase family protein,25.65,25.15,-0.5,0.6619344105054648,0.0139,0.0349,0.0658,0.0257,True,True,invariant,True
267392_at,AT2G44490,"PEN2 (PENETRATION 2); hydrolase, hydrolyzing O-glycosyl compounds",23.05,22.55,-0.5,1.0271868189198505,0.0074,0.0159,0.0156,0.0195,True,True,invariant,True
246427_at,AT5G17400,"ADP, ATP carrier protein, mitochondrial, putative / ADP/ATP translocase, putative / adenine nucleotide translocator, putative",23.9,23.4,-0.5,0.9927353599420701,0.0703,0.0369,0.0426,0.0814,True,True,invariant,True
265882_at,AT2G42490,"copper amine oxidase, putative",23.65,23.15,-0.5,1.1699435040523305,0.0216,0.0148,0.0184,0.0481,True,True,invariant,True
249215_at,AT5G42800,DFR (DIHYDROFLAVONOL 4-REDUCTASE); dihydrokaempferol 4-reductase,24.85,24.35,-0.5,3.873268846637525,0.0168,0.0266,0.0665,0.0987,True,True,invariant,True
254659_at,AT4G18240,"ATSS4/SSIV (STARCH SYNTHASE 4); transferase, transferring glycosyl groups",24.6,24.1,-0.5,1.700241199502135,0.0056,0.0122,0.0412,0.0477,True,True,invariant,True
252911_at,AT4G39510,"CYP96A12 (cytochrome P450, family 96, subfamily A, polypeptide 12); oxygen binding",22.75,22.25,-0.5,2.129347106787905,0.0078,0.0323,0.0484,0.0716,True,True,invariant,True
251058_at,AT5G01790,unknown protein,24.05,23.55,-0.5,1.21561280261955,0.0188,0.0595,0.045,0.0848,True,True,invariant,True
257144_at,AT3G27300,G6PD5 (GLUCOSE-6-PHOSPHATE DEHYDROGENASE 5); glucose-6-phosphate dehydrogenase,22.9,22.4,-0.5,1.1341476354805207,0.0126,0.0203,0.0162,0.0246,True,True,invariant,True
245524_at,AT4G15920,nodulin MtN3 family protein,23.85,23.35,-0.5,1.292591347005465,0.0074,0.0466,0.0855,0.0454,True,True,invariant,True
258437_at,AT3G16560,protein phosphatase 2C-related / PP2C-related,23.0,22.549999999999997,-0.45000000000000284,1.2736411480728407,0.0254,0.0218,0.0147,0.0185,True,True,invariant,True
250981_at,AT5G03140,lectin protein kinase family protein,22.950000000000003,22.5,-0.45000000000000284,1.20140855339196,0.0147,0.0252,0.0711,0.0133,True,True,invariant,True
254016_at,AT4G26150,CGA1 (CYTOKININ-RESPONSIVE GATA FACTOR 1); transcription factor,23.3,22.85,-0.4499999999999993,1.5796577312239402,0.0139,0.0192,0.0314,0.0434,True,True,invariant,True
256567_at,AT3G19553,amino acid permease family protein,22.65,22.2,-0.4499999999999993,1.2570798049408607,0.0259,0.0155,0.033,0.0383,True,True,invariant,True
258902_at,AT3G06483,PDK (PYRUVATE DEHYDROGENASE KINASE); ATP binding / pyruvate dehydrogenase (acetyl-transferring) kinase,23.45,23.0,-0.4499999999999993,0.8758052817119539,0.0204,0.0196,0.0392,0.0615,True,True,invariant,True
264841_at,AT1G03740,protein kinase family protein,22.4,21.95,-0.4499999999999993,1.3172693904136348,0.0129,0.0446,0.0721,0.0883,True,True,invariant,True
258159_at,AT3G17840,RLK902 (receptor-like kinase 902); ATP binding / kinase/ protein serine/threonine kinase,22.95,22.5,-0.4499999999999993,0.99609869386591,0.012,0.0217,0.05,0.0523,True,True,invariant,True
254938_at,AT4G10770,ATOPT7 (oligopeptide transporter 7); oligopeptide transporter,24.55,24.1,-0.4499999999999993,1.7447327219706699,0.0088,0.0044,0.0062,0.00802,True,True,invariant,True
247696_at,AT5G59780,MYB59 (myb domain protein 59); DNA binding / transcription factor,22.8,22.35,-0.4499999999999993,1.8239793560725701,0.0125,0.0426,0.0124,0.0286,True,True,invariant,True
246983_at,AT5G67200,"leucine-rich repeat transmembrane protein kinase, putative",24.05,23.6,-0.4499999999999993,1.85529959017857,0.0676,0.0247,0.0588,0.0507,True,True,invariant,True
248028_at,AT5G55620,similar to unknown protein [Arabidopsis thaliana] (TAIR:AT3G09950.1); similar to unnamed protein product [Vitis vinifera] (GB:CAO39940.1),23.4,22.95,-0.4499999999999993,1.80090098027777,0.0133,0.0122,0.0312,0.0336,True,True,invariant,True
258800_at,AT3G04550,similar to unknown protein [Arabidopsis thaliana] (TAIR:AT5G28500.1); similar to unnamed protein product [Vitis vinifera] (GB:CAO65032.1),22.55,22.1,-0.4499999999999993,1.5505022901555696,0.0097,0.0113,0.0265,0.0229,True,True,invariant,True
256255_at,AT3G11280,myb family transcription factor,22.549999999999997,22.1,-0.44999999999999574,0.9647199060177352,0.0163,0.0411,0.065,0.0127,True,True,invariant,True
255477_at,AT4G02370,similar to unknown protein [Arabidopsis thaliana] (TAIR:AT1G02816.1); similar to unnamed protein product [Vitis vinifera] (GB:CAO40037.1); similar to hypothetical protein [Vitis vinifera] (GB:CAN69598.1); contains InterPro domain Protein of unknown function DUF538 (InterPro:IPR007493),23.549999999999997,23.1,-0.44999999999999574,1.3648077940886445,0.0394,0.022,0.0332,0.0843,True,True,invariant,True
263920_at,AT2G36410,similar to unknown protein [Arabidopsis thaliana] (TAIR:AT3G52920.1); similar to unknown [Populus trichocarpa] (GB:ABK93998.1); contains InterPro domain Protein of unknown function DUF662 (InterPro:IPR007033),23.1,22.7,-0.40000000000000213,1.40397867808553,0.01,0.029,0.021,0.0661,True,True,invariant,True
247348_at,AT5G63810,BGAL10 (beta-galactosidase 10); beta-galactosidase,23.2,22.799999999999997,-0.40000000000000213,2.2295562921055003,0.005,0.0078,0.0088,0.0155,True,True,invariant,True
261453_at,AT1G21130,"O-methyltransferase, putative",22.3,21.9,-0.40000000000000213,1.9377373605195398,0.0123,0.031,0.0495,0.0688,True,True,invariant,True
245563_at,AT4G14580,CIPK4 (CBL-INTERACTING PROTEIN KINASE 4); kinase,22.2,21.799999999999997,-0.40000000000000213,1.3031522846690151,0.0503,0.0481,0.0451,0.0577,True,True,invariant,True
259841_at,AT1G52200,similar to unknown protein [Arabidopsis thaliana] (TAIR:AT3G18470.1); similar to unnamed protein product [Vitis vinifera] (GB:CAO45876.1); contains InterPro domain Protein of unknown function Cys-rich (InterPro:IPR006461),22.7,22.3,-0.3999999999999986,3.024154387800915,0.0107,0.0055,0.0275,0.0444,True,True,invariant,True
252387_at,AT3G47800,aldose 1-epimerase family protein,23.75,23.4,-0.3500000000000014,1.857657655618965,0.0109,0.0066,0.0256,0.0122,True,True,invariant,True
260303_at,AT1G70520,protein kinase family protein,23.1,22.75,-0.3500000000000014,1.0774525983999652,0.0237,0.0773,0.0309,0.099,True,True,invariant,True
254592_at,AT4G18880,AT-HSFA4A (Arabidopsis thaliana heat shock transcription factor A4A); DNA binding / transcription factor,24.0,23.65,-0.3500000000000014,1.1255799079986648,0.0204,0.0192,0.0163,0.0763,True,True,invariant,True
254680_at,AT4G18130,PHYE (PHYTOCHROME DEFECTIVE E); G-protein coupled photoreceptor/ signal transducer,23.25,22.9,-0.3500000000000014,1.6910492029301807,0.0486,0.0123,0.0462,0.0133,True,True,invariant,True
266483_at,AT2G47910,CRR6 (CHLORORESPIRATORY REDUCTION 6),23.6,23.25,-0.3500000000000014,1.0666418543540752,0.0175,0.0279,0.025,0.01,True,True,invariant,True
246114_at,AT5G20250,"DIN10 (DARK INDUCIBLE 10); hydrolase, hydrolyzing O-glycosyl compounds",23.0,22.65,-0.3500000000000014,2.812162726139005,0.0157,0.0211,0.0993,0.0234,True,True,invariant,True
258724_at,AT3G09600,myb family transcription factor,23.55,23.2,-0.3500000000000014,3.0144201477510197,0.0069,0.0286,0.0088,0.0157,True,True,invariant,True
260264_at,AT1G68500,similar to hypothetical protein [Vitis vinifera] (GB:CAN66643.1),23.299999999999997,22.95,-0.34999999999999787,1.4358475351693305,0.0161,0.0287,0.0464,0.0493,True,True,invariant,True
253263_at,AT4G34000,ABF3/DPBF5 (ABSCISIC ACID RESPONSIVE ELEMENTS-BINDING FACTOR 3); DNA binding / protein binding / transcription activator/ transcription factor,23.2,22.85,-0.34999999999999787,1.45230421589115,0.0659,0.0075,0.012,0.0837,True,True,invariant,True
265440_at,AT2G20960,pEARLI4,23.15,22.8,-0.34999999999999787,0.8272666503240051,0.0138,0.0317,0.0141,0.0508,True,True,invariant,True
261226_at,AT1G20190,ATEXPA11 (ARABIDOPSIS THALIANA EXPANSIN A11),23.6,23.3,-0.3000000000000007,2.2512150337994146,0.0103,0.0153,0.0277,0.02,True,True,invariant,True
256792_at,AT3G22150,pentatricopeptide (PPR) repeat-containing protein,24.2,23.9,-0.3000000000000007,1.1654844111635598,0.0101,0.0214,0.0765,0.0421,True,True,invariant,True
248337_at,AT5G52310,COR78 (COLD REGULATED 78),23.55,23.25,-0.3000000000000007,3.1996744184050847,0.0186,0.0139,0.0552,0.0231,True,True,invariant,True
251399_at,AT3G60590,similar to unknown protein [Arabidopsis thaliana] (TAIR:AT1G48460.1); similar to unknown [Populus trichocarpa x Populus deltoides] (GB:ABK96523.1),23.3,23.0,-0.3000000000000007,1.1192647212294453,0.0174,0.0101,0.067,0.038,True,True,invariant,True
264696_at,AT1G70230,"similar to unknown protein [Arabidopsis thaliana] (TAIR:AT1G01430.1); similar to Os09g0375300 [Oryza sativa (japonica cultivar-group)] (GB:NP_001063036.1); similar to Os06g0235200 [Oryza sativa (japonica cultivar-group)] (GB:NP_001057240.1); similar to leaf senescence protein-like [Oryza sativa (japonica cultivar-group)] (GB:BAD26032.1); contains InterPro domain Protein of unknown function DUF231, plant (InterPro:IPR004253)",25.6,25.3,-0.3000000000000007,1.2873253756160596,0.0164,0.0129,0.0444,0.0643,True,True,invariant,True
258332_at,AT3G16180,proton-dependent oligopeptide transport (POT) family protein,23.05,22.75,-0.3000000000000007,1.8644480211890548,0.0106,0.0173,0.0226,0.0185,True,True,invariant,True
263664_at,AT1G04250,AXR3 (AUXIN RESISTANT 3); transcription factor,24.8,24.5,-0.3000000000000007,1.5769431208292497,0.0093,0.0095,0.0105,0.0132,True,True,invariant,True
256902_s_at,AT3G23910;AT3G24255,"[AT3G23910, similar to unknown protein [Arabidopsis thaliana] (TAIR:AT3G24255.1); similar to unnamed protein product [Vitis vinifera] (GB:CAO43499.1)];[AT3G24255, similar to unknown protein [Arabidopsis thaliana] (TAIR:AT3G23910.1); similar to unnamed protein product [Vitis vinifera] (GB:CAO43499.1); contains InterPro domain RNA-directed DNA polymerase (reverse transcriptase), related (InterPro:IPR015706)]",23.65,23.35,-0.29999999999999716,1.2000076537664048,0.0112,0.0225,0.012,0.024,True,True,invariant,True
259965_at,AT1G53670,MSRB1 (METHIONINE SULFOXIDE REDUCTASE B 1); peptide-methionine-(S)-S-oxide reductase,22.799999999999997,22.5,-0.29999999999999716,0.9964109994551738,0.0144,0.0242,0.0155,0.0233,True,True,invariant,True
259790_s_at,AT1G29430;AT5G27780,"[AT1G29430, auxin-responsive family protein];[AT5G27780, auxin-responsive family protein]",23.15,22.85,-0.29999999999999716,3.1298390256752,0.0105,0.0085,0.0498,0.0139,True,True,invariant,True
250549_at,AT5G07860,transferase family protein,23.65,23.35,-0.29999999999999716,0.9192442983804696,0.0768,0.0218,0.0209,0.0117,True,True,invariant,True
267299_at,AT2G30150,UDP-glucoronosyl/UDP-glucosyl transferase family protein,22.05,21.799999999999997,-0.25000000000000355,1.2996895278677703,0.0272,0.0132,0.0442,0.0779,True,True,invariant,True
259842_at,AT1G73602;AT1G73600,"[AT1G73602, CPuORF32 (Conserved peptide upstream open reading frame 32)];[AT1G73600, phosphoethanolamine N-methyltransferase]",23.85,23.6,-0.25,2.3183904284754044,0.0242,0.0102,0.0562,0.0377,True,True,invariant,True
265334_at,AT2G18370,protease inhibitor/seed storage/lipid transfer protein (LTP) family protein,22.95,22.7,-0.25,3.4506274354819793,0.0991,0.0214,0.0707,0.022,True,True,invariant,True
260362_at,AT1G70530,protein kinase family protein,24.05,23.8,-0.25,1.4964660426861651,0.0159,0.0294,0.0235,0.029,True,True,invariant,True
250095_at,AT5G17230,PSY (PHYTOENE SYNTHASE); geranylgeranyl-diphosphate geranylgeranyltransferase,23.700000000000003,23.450000000000003,-0.25,1.8218000102557905,0.0134,0.0162,0.0128,0.0983,True,True,invariant,True
263755_at,AT2G21340,"enhanced disease susceptibility protein, putative / salicylic acid induction deficient protein, putative",22.7,22.45,-0.25,1.449734767755559,0.0147,0.0249,0.0319,0.0302,True,True,invariant,True
252076_at,AT3G51660,macrophage migration inhibitory factor family protein / MIF family protein,23.5,23.299999999999997,-0.20000000000000284,1.6403649716318651,0.0561,0.0137,0.0141,0.0599,True,True,invariant,True
261491_at,AT1G14350,FLP (FOUR LIPS); DNA binding / transcription factor,23.700000000000003,23.5,-0.20000000000000284,1.2959699366067898,0.0928,0.0202,0.0275,0.0617,True,True,invariant,True
263184_at,AT1G05560,"UGT1 (UDP-glucosyl transferase 75B1); UDP-glycosyltransferase/ transferase, transferring glycosyl groups",21.85,21.65,-0.20000000000000284,1.2636133409844192,0.0903,0.0251,0.0417,0.0233,True,True,invariant,True
254924_at,AT4G11330,ATMPK5 (MAP KINASE 5); MAP kinase/ kinase,22.7,22.5,-0.1999999999999993,1.1353590926331552,0.0091,0.0312,0.0604,0.0204,True,True,invariant,True
247891_at,AT5G57960,GTP-binding family protein,23.049999999999997,22.85,-0.19999999999999574,1.8417684508010903,0.0228,0.0069,0.021,0.0782,True,True,invariant,True
267516_at,AT2G30520,RPT2 (ROOT PHOTOTROPISM 2); protein binding,24.200000000000003,24.049999999999997,-0.15000000000000568,2.33945850788105,0.0105,0.0125,0.0152,0.0133,True,True,invariant,True
255904_at,AT1G17860,trypsin and protease inhibitor family protein / Kunitz family protein,23.1,22.95,-0.15000000000000213,1.796434125407325,0.0498,0.0349,0.0987,0.0799,True,True,invariant,True
258813_at,AT3G04060,ANAC046 (Arabidopsis NAC domain containing protein 46); transcription factor,21.7,21.549999999999997,-0.15000000000000213,1.4159764963423203,0.0786,0.022,0.0336,0.0289,True,True,invariant,True
251535_at,AT3G58540,similar to unknown protein [Arabidopsis thaliana] (TAIR:AT5G06190.1),22.450000000000003,22.3,-0.15000000000000213,0.9293057669647202,0.052,0.0523,0.0768,0.068,True,True,invariant,True
267471_at,AT2G30390,ferrochelatase II,23.25,23.1,-0.14999999999999858,1.1336031708801801,0.0095,0.0149,0.0219,0.0403,True,True,invariant,True
245528_at,AT4G15530,"PPDK (PYRUVATE ORTHOPHOSPHATE DIKINASE); kinase/ pyruvate, phosphate dikinase",24.25,24.1,-0.14999999999999858,1.2617389693473502,0.0087,0.0107,0.0603,0.00982,True,True,invariant,True
265962_at,AT2G37460,nodulin MtN21 family protein,24.0,23.9,-0.10000000000000142,1.41295081878999,0.0253,0.0163,0.0256,0.0114,True,True,invariant,True
256071_at,AT1G13640,phosphatidylinositol 3- and 4-kinase family protein,22.75,22.65,-0.10000000000000142,1.3176922446787604,0.0051,0.025,0.021,0.0132,True,True,invariant,True
259994_at,AT1G68130,ATIDD14 (ARABIDOPSIS THALIANA INDETERMINATE(ID)-DOMAIN 14); nucleic acid binding / transcription factor/ zinc ion binding,22.9,22.799999999999997,-0.10000000000000142,1.3328051567349446,0.0481,0.0978,0.0802,0.0758,True,True,invariant,True
262569_at,AT1G15180,MATE efflux family protein,22.1,22.0,-0.10000000000000142,1.27752490627664,0.0241,0.0297,0.0939,0.0116,True,True,invariant,True
252037_at,AT3G51920,CAM9 (CALMODULIN 9); calcium ion binding,22.700000000000003,22.6,-0.10000000000000142,1.7063180421792596,0.0105,0.011,0.0108,0.0188,True,True,invariant,True
258402_at,AT3G15450,similar to unknown protein [Arabidopsis thaliana] (TAIR:AT4G27450.1); similar to unknown [Populus trichocarpa] (GB:ABK93866.1); contains domain PTHR11772 (PTHR11772); contains domain G3DSA:3.60.20.10 (G3DSA:3.60.20.10); contains domain SSF56235 (SSF56235),23.6,23.5,-0.10000000000000142,3.5676338562439094,0.0154,0.0046,0.0316,0.0423,True,True,invariant,True
256631_at,AT3G28320,Identical to UPF0496 protein At3g28310/At3g28320 [Arabidopsis Thaliana] (GB:Q6E240;GB:Q9LHD4;GB:Q9LHD5); similar to AT14A [Arabidopsis thaliana] (TAIR:AT3G28290.1); similar to AT14A [Arabidopsis thaliana] (TAIR:AT3G28300.1); similar to Os03g0199100 [Oryza sativa (japonica cultivar-group)] (GB:NP_001049283.1); similar to unnamed protein product [Vitis vinifera] (GB:CAO22906.1); contains InterPro domain Protein of unknown function DUF677 (InterPro:IPR007749),22.9,22.8,-0.09999999999999787,2.698398202209025,0.0197,0.0188,0.0182,0.0368,True,True,invariant,True
250155_at,AT5G15160,bHLH family protein,21.95,21.85,-0.09999999999999787,1.8211223813817097,0.0234,0.0278,0.0254,0.0219,True,True,invariant,True
251962_at,AT3G53420,PIP2A (PLASMA MEMBRANE INTRINSIC PROTEIN 2A); water channel,23.0,22.95,-0.05000000000000071,1.2985834645822987,0.0159,0.0122,0.0427,0.0977,True,True,invariant,True
248313_at,AT5G52580,RAB GTPase activator,22.75,22.7,-0.05000000000000071,0.65619911159241,0.0353,0.0896,0.0276,0.0973,True,True,invariant,True
252381_s_at,AT3G47760;AT3G47750,"[AT3G47760, ATATH4 (ABC2 homolog 4); ATPase, coupled to transmembrane movement of substances];[AT3G47750, ATATH3 (ABC2 homolog 3); ATPase, coupled to transmembrane movement of substances]",24.15,24.1,-0.04999999999999716,1.98710366238288,0.0175,0.0113,0.0191,0.0273,True,True,invariant,True
260283_at,AT1G80480,PTAC17 (PLASTID TRANSCRIPTIONALLY ACTIVE17),23.549999999999997,23.5,-0.04999999999999716,1.4626771710788704,0.0137,0.0152,0.0417,0.0261,True,True,invariant,True
250561_at,AT5G08030,glycerophosphoryl diester phosphodiesterase family protein,22.65,22.6,-0.04999999999999716,4.12709949464317,0.0149,0.0187,0.0154,0.0182,True,True,invariant,True
259253_at,AT3G07640,similar to unnamed protein product [Vitis vinifera] (GB:CAO41126.1),22.75,22.700000000000003,-0.04999999999999716,1.24526648798237,0.022,0.0605,0.0071,0.0423,True,True,invariant,True
247162_at,AT5G65730,"xyloglucan:xyloglucosyl transferase, putative / xyloglucan endotransglycosylase, putative / endo-xyloglucan transferase, putative",22.9,22.9,0.0,1.7683104800619907,0.0115,0.0099,0.028,0.0249,True,True,invariant,True
251272_at,AT3G61890,ATHB-12 (ARABIDOPSIS THALIANA HOMEOBOX PROTEIN 12); transcription factor,22.75,22.75,0.0,2.210678253289215,0.0184,0.0511,0.0794,0.0532,True,True,invariant,True
265412_at,AT2G16640,ATTOC132/TOC132 (MULTIMERIC TRANSLOCON COMPLEX IN THE OUTER ENVELOPE MEMBRANE 132); transmembrane receptor,24.6,24.6,0.0,0.767774276015325,0.0077,0.0564,0.0975,0.0356,True,True,invariant,True
262768_at,AT1G12990,glycosyl transferase family 17 protein,24.65,24.65,0.0,1.4560993497154495,0.0978,0.0595,0.0225,0.0474,True,True,invariant,True
250430_at,AT5G10460,haloacid dehalogenase-like hydrolase family protein,23.25,23.25,0.0,0.9183917702183799,0.0159,0.009,0.0523,0.0278,True,True,invariant,True
256430_at,AT3G11020,DREB2B (DRE-binding protein 2B); DNA binding / transcription activator/ transcription factor,22.75,22.75,0.0,1.32966768498555,0.006,0.0533,0.0151,0.0503,True,True,invariant,True
264207_at,AT1G22750,similar to unnamed protein product [Vitis vinifera] (GB:CAO67528.1); contains InterPro domain Protein of unknown function DUF1475 (InterPro:IPR009943),24.1,24.1,0.0,0.7453323319212544,0.0125,0.0226,0.0056,0.0174,True,True,invariant,True
255690_at,AT4G00360,CYP86A2 (ABERRANT INDUCTION OF TYPE THREE GENES 1); oxygen binding,23.85,23.9,0.04999999999999716,1.1130912087310296,0.0258,0.0927,0.0665,0.0883,True,True,invariant,True
251531_at,AT3G58550,protease inhibitor/seed storage/lipid transfer protein (LTP) family protein,22.9,22.95,0.05000000000000071,3.4050372426166597,0.0756,0.058,0.0797,0.0366,True,True,invariant,True
253268_s_at,AT4G34131;AT4G34135,"[AT4G34131, UGT73B3 (UDP-GLUCOSYL TRANSFERASE 73B3); UDP-glycosyltransferase/ abscisic acid glucosyltransferase/ transferase, transferring hexosyl groups];[AT4G34135, UGT73B2; UDP-glucosyltransferase/ UDP-glycosyltransferase/ flavonol 3-O-glucosyltransferase]",21.15,21.2,0.05000000000000071,1.1756093064136248,0.0317,0.0783,0.0892,0.0844,True,True,invariant,True
250207_at,AT5G13930,ATCHS/CHS/TT4 (CHALCONE SYNTHASE); naringenin-chalcone synthase,25.15,25.200000000000003,0.05000000000000426,1.7817453724895005,0.0097,0.0118,0.0538,0.0483,True,True,invariant,True
260668_at,AT1G19530,similar to unnamed protein product [Vitis vinifera] (GB:CAO61141.1),23.200000000000003,23.299999999999997,0.09999999999999432,3.6321864881395047,0.0159,0.0145,0.0192,0.0649,True,True,invariant,True
263437_at,AT2G28670,disease resistance-responsive family protein / fibroin-related,24.2,24.299999999999997,0.09999999999999787,3.025476737299445,0.0457,0.0313,0.0623,0.0893,True,True,invariant,True
250096_at,AT5G17190,similar to unknown protein [Arabidopsis thaliana] (TAIR:AT3G03160.1); similar to unnamed protein product [Vitis vinifera] (GB:CAO42347.1),23.05,23.15,0.09999999999999787,1.16640626134794,0.074,0.0285,0.0263,0.094,True,True,invariant,True
249393_at,AT5G40170,disease resistance family protein,23.35,23.5,0.14999999999999858,0.8553797332284852,0.0168,0.0183,0.028,0.0158,True,True,invariant,True
251642_at,AT3G57520,"ATSIP2 (ARABIDOPSIS THALIANA SEED IMBIBITION 2); hydrolase, hydrolyzing O-glycosyl compounds",22.8,22.95,0.14999999999999858,2.620767789796825,0.032,0.0221,0.0565,0.0276,True,True,invariant,True
258921_at,AT3G10500,ANAC053 (Arabidopsis NAC domain containing protein 53); transcription factor,21.15,21.3,0.15000000000000213,0.8235155098280305,0.0558,0.0602,0.0646,0.0835,True,True,invariant,True
263460_at,AT2G31810,"acetolactate synthase small subunit, putative",23.25,23.450000000000003,0.20000000000000284,1.0071293959456047,0.0181,0.0477,0.0435,0.0892,True,True,invariant,True
246554_at,AT5G15450,APG6/CLPB-P/CLPB3 (ALBINO AND PALE GREEN 6); ATP binding / ATPase,23.15,23.35,0.20000000000000284,1.9304404283265049,0.0051,0.0135,0.0209,0.0106,True,True,invariant,True
258196_at,AT3G13980,similar to unknown protein [Arabidopsis thaliana] (TAIR:AT1G54200.1); similar to hypothetical protein [Vitis vinifera] (GB:CAN69469.1),24.9,25.1,0.20000000000000284,2.051710091934605,0.0086,0.0126,0.0161,0.0448,True,True,invariant,True
263985_at,AT2G42750,DNAJ heat shock N-terminal domain-containing protein,23.450000000000003,23.700000000000003,0.25,1.74809277269244,0.0118,0.0124,0.0167,0.0338,True,True,invariant,True
247147_at,AT5G65630,GTE7 (GLOBAL TRANSCRIPTION FACTOR GROUP E 7); DNA binding,23.35,23.6,0.25,0.69169754124212,0.0091,0.0158,0.023,0.0112,True,True,invariant,True
253281_at,AT4G34138,UGT73B1 (UDP-GLUCOSYL TRANSFERASE 73B1); UDP-glycosyltransferase/ abscisic acid glucosyltransferase,22.299999999999997,22.55,0.25000000000000355,1.9394229129493303,0.0354,0.0408,0.0581,0.0416,True,True,invariant,True
265900_at,AT2G25730,binding / heme binding,23.35,23.65,0.29999999999999716,1.9009450287261846,0.0073,0.0105,0.0101,0.0182,True,True,invariant,True
260322_at,AT1G63900,zinc finger (C3HC4-type RING finger) family protein,24.75,25.049999999999997,0.29999999999999716,0.6888361213769607,0.0262,0.0461,0.0456,0.0932,True,True,invariant,True
253693_at,AT4G29670,thioredoxin family protein,24.1,24.4,0.29999999999999716,0.6641364135572205,0.0303,0.0557,0.0436,0.0168,True,True,invariant,True
259932_at,AT1G34370,STOP1 (SENSITIVE TO PROTON RHIZOTOXICITY 1); nucleic acid binding / transcription factor/ zinc ion binding,23.9,24.2,0.3000000000000007,0.8372192593867256,0.0165,0.0078,0.0399,0.053,True,True,invariant,True
248557_at,AT5G49980,AFB5 (AUXIN F-BOX PROTEIN 5); ubiquitin-protein ligase,23.549999999999997,23.85,0.30000000000000426,0.69882115893326,0.0189,0.0273,0.0289,0.0205,True,True,invariant,True
261456_at,AT1G21050,"similar to unknown protein [Arabidopsis thaliana] (TAIR:AT1G76610.1); similar to hypothetical protein [Vitis vinifera] (GB:CAN67637.1); contains InterPro domain Protein of unknown function DUF617, plant (InterPro:IPR006460)",25.55,25.9,0.34999999999999787,1.3227362810395649,0.0075,0.0084,0.0612,0.0577,True,True,invariant,True
251372_at,AT3G60520,zinc ion binding,22.3,22.65,0.34999999999999787,1.4870802087793042,0.0724,0.0323,0.035,0.0663,True,True,invariant,True
261570_at,AT1G01120,KCS1 (3-KETOACYL-COA SYNTHASE 1); acyltransferase,23.85,24.2,0.34999999999999787,1.6823171822878003,0.0115,0.0185,0.0287,0.0413,True,True,invariant,True
262502_at,AT1G21600,PTAC6 (PLASTID TRANSCRIPTIONALLY ACTIVE6),24.15,24.5,0.3500000000000014,1.1751001030419603,0.0106,0.0068,0.0116,0.0102,True,True,invariant,True
261031_at,AT1G17360,COP1-interacting protein-related,22.75,23.1,0.3500000000000014,2.6457066977962103,0.0294,0.0206,0.0143,0.0394,True,True,invariant,True
253849_at,AT4G28080,binding,22.549999999999997,22.9,0.3500000000000014,1.0790271556893192,0.0242,0.024,0.0331,0.0289,True,True,invariant,True
249355_at,AT5G40500,similar to unnamed protein product [Vitis vinifera] (GB:CAO14700.1),21.75,22.15,0.3999999999999986,1.2344016914334301,0.0127,0.022,0.038,0.0261,True,True,invariant,True
266078_at,AT2G40670,ARR16 (response regulator 16); transcription regulator/ two-component response regulator,23.35,23.75,0.3999999999999986,1.703376449790305,0.0479,0.097,0.0546,0.0161,True,True,invariant,True
265741_at,AT2G01320,ABC transporter family protein,25.15,25.55,0.40000000000000213,1.1568432169808247,0.032,0.0208,0.0374,0.043,True,True,invariant,True
265646_at,AT2G27360,"lipase, putative",23.049999999999997,23.45,0.40000000000000213,1.1075212005573447,0.008,0.0118,0.0094,0.0324,True,True,invariant,True
260466_at,AT1G10900,phosphatidylinositol-4-phosphate 5-kinase family protein,23.05,23.450000000000003,0.40000000000000213,1.4576078577848053,0.0294,0.0246,0.0442,0.0392,True,True,invariant,True
250261_at,AT5G13400,proton-dependent oligopeptide transport (POT) family protein,24.1,24.6,0.5,1.2460298059630706,0.009,0.0098,0.0473,0.02,True,True,invariant,True
257722_at,AT3G18490,aspartyl protease family protein,23.2,23.7,0.5,0.9979050735057502,0.0245,0.0784,0.0544,0.0554,True,True,invariant,True
261457_at,AT1G21065,similar to unnamed protein product [Vitis vinifera] (GB:CAO66320.1); contains InterPro domain Protein of unknown function UPF0047 (InterPro:IPR001602),21.85,22.35,0.5,0.7597396003792003,0.0248,0.0582,0.0385,0.0686,True,True,invariant,True
263275_at,AT2G14170,ALDH6B2 (Aldehyde dehydrogenase 6B2); 3-chloroallyl aldehyde dehydrogenase,22.799999999999997,23.3,0.5000000000000036,1.050303347935695,0.0074,0.0338,0.0092,0.0115,True,True,invariant,True
262870_at,AT1G64710,"alcohol dehydrogenase, putative",21.700000000000003,22.25,0.5499999999999972,1.0236823172235905,0.0675,0.0886,0.0206,0.0932,True,True,invariant,True
252890_at,AT4G39400,BRI1 (BRASSINOSTEROID INSENSITIVE 1); kinase,26.35,26.900000000000002,0.5500000000000007,0.6308677466462402,0.0137,0.0533,0.022,0.0196,True,True,invariant,True
257074_at,AT3G19660,similar to unnamed protein product [Vitis vinifera] (GB:CAO49873.1),21.75,22.3,0.5500000000000007,1.2017104018327953,0.0136,0.0279,0.0736,0.0423,True,True,invariant,True
256541_at,AT1G42540,ATGLR3.3 (Arabidopsis thaliana glutamate receptor 3.3),22.4,22.950000000000003,0.5500000000000043,1.3909770346577002,0.0123,0.0095,0.0058,0.0109,True,True,invariant,True
259834_at,AT1G69570,Dof-type zinc finger domain-containing protein,24.7,25.299999999999997,0.5999999999999979,2.0790129289013004,0.0091,0.0237,0.0087,0.0392,True,True,invariant,True
263787_at,AT2G46420,"similar to unknown protein [Arabidopsis thaliana] (TAIR:AT3G61700.1); similar to unnamed protein product [Vitis vinifera] (GB:CAO39750.1); contains InterPro domain Conserved hypothetical protein CHP01589, plant (InterPro:IPR006476)",25.35,25.95,0.5999999999999979,1.2144402122127849,0.0117,0.0273,0.0783,0.0756,True,True,invariant,True
259588_at,AT1G27930,"similar to unknown protein [Arabidopsis thaliana] (TAIR:AT1G67330.1); similar to unknown [Populus trichocarpa] (GB:ABK93495.1); contains InterPro domain Protein of unknown function DUF579, plant (InterPro:IPR006514)",23.299999999999997,23.9,0.6000000000000014,1.2530497291655953,0.0178,0.0151,0.0205,0.052,True,True,lengthened,True
267367_at,AT2G44210,"similar to unknown protein [Arabidopsis thaliana] (TAIR:AT1G55360.1); similar to unnamed protein product [Vitis vinifera] (GB:CAO67164.1); contains InterPro domain Protein of unknown function DUF239, plant (InterPro:IPR004314)",21.95,22.55,0.6000000000000014,0.8917541459246108,0.0484,0.0541,0.047,0.0816,True,True,lengthened,True
251060_at,AT5G01820,ATSR1 (SERINE/THREONINE PROTEIN KINASE 1); kinase,22.85,23.5,0.6499999999999986,2.0591027978381695,0.0228,0.0673,0.029,0.0488,True,True,lengthened,True
266358_at,AT2G32280,similar to unknown protein [Arabidopsis thaliana] (TAIR:AT4G21310.1); similar to unknown [Populus trichocarpa] (GB:ABK92874.1); contains InterPro domain Protein of unknown function DUF1218 (InterPro:IPR009606),22.45,23.1,0.6500000000000021,1.6995527021374346,0.0132,0.018,0.0694,0.0571,True,True,lengthened,True
249701_at,AT5G35460,similar to unknown [Populus trichocarpa] (GB:ABK95300.1); contains domain Acetyl-CoA synthetase-like (SSF56801),23.75,24.45,0.6999999999999993,0.9917516835490248,0.0104,0.0233,0.013,0.0125,True,True,lengthened,True
251028_at,AT5G02230,haloacid dehalogenase-like hydrolase family protein,22.450000000000003,23.2,0.7499999999999964,2.0931352785150357,0.0136,0.0091,0.0975,0.0536,True,True,lengthened,True
247886_at,AT5G57850,aminotransferase class IV family protein,22.0,22.75,0.75,0.7983773669455347,0.0288,0.0419,0.0606,0.0446,True,True,lengthened,True
262028_at,AT1G35560,"TCP family transcription factor, putative",23.700000000000003,24.5,0.7999999999999972,1.4954898892339699,0.009,0.0099,0.0162,0.0806,True,True,lengthened,True
265471_at,AT2G37130,peroxidase 21 (PER21) (P21) (PRXR5),22.4,23.2,0.8000000000000007,4.27334364743542,0.0442,0.017,0.0816,0.0356,True,True,lengthened,True
264255_at,AT1G09140,ATSRP30.1 (ARABIDOPSIS THALIANA SERINE/ARGININE PROTEIN 30.1); RNA binding,22.950000000000003,23.8,0.8499999999999979,0.9192810450337849,0.0739,0.0368,0.0833,0.0894,True,True,lengthened,True
254034_at,AT4G25960,"PGP2 (P-GLYCOPROTEIN 2); ATPase, coupled to transmembrane movement of substances",23.4,24.25,0.8500000000000014,1.0058306763067493,0.0145,0.01,0.0939,0.021,True,True,lengthened,True
249406_at,AT5G40210,nodulin MtN21 family protein,25.6,26.450000000000003,0.8500000000000014,0.9608613803818202,0.0298,0.0106,0.0381,0.0356,True,True,lengthened,True
245895_at,AT5G09230,SRT2; DNA binding,22.75,23.65,0.8999999999999986,1.3502834957381347,0.0934,0.0069,0.0269,0.0199,True,True,lengthened,True
252525_at,AT3G46450,SEC14 cytosolic factor family protein / phosphoglyceride transfer family protein,24.950000000000003,25.9,0.9499999999999957,1.467253301862815,0.0291,0.0749,0.0884,0.0859,True,True,lengthened,True
247685_at,AT5G59680,"leucine-rich repeat protein kinase, putative",24.5,25.5,1.0,1.3025436303249647,0.0583,0.0312,0.0306,0.0361,True,True,lengthened,True
245264_at,AT4G17245,zinc finger (C3HC4-type RING finger) family protein,26.65,27.65,1.0,1.7750096612418855,0.0142,0.0491,0.0877,0.0881,True,True,lengthened,True
252018_at,AT3G53000,ATPP2-A15 (Phloem protein 2-A15); carbohydrate binding,22.1,23.1,1.0,1.2304492298721903,0.0717,0.0243,0.0391,0.0685,True,True,lengthened,True
247148_at,AT5G65670,IAA9 (indoleacetic acid-induced protein 9); transcription factor,22.65,23.7,1.0500000000000007,0.6152737622522002,0.0108,0.0845,0.0434,0.00985,True,True,lengthened,True
266735_at,AT2G46930,"pectinacetylesterase, putative",24.1,25.3,1.1999999999999993,0.7338978793581701,0.0207,0.0057,0.0702,0.0257,True,True,lengthened,True
256140_at,AT1G48650,helicase domain-containing protein,23.35,24.65,1.2999999999999972,1.1846897088005304,0.0691,0.0187,0.0274,0.0212,True,True,lengthened,True
264214_s_at,AT1G65330;AT1G65300,"[AT1G65330, PHE1 (PHERES1); DNA binding / transcription factor];[AT1G65300, PHE2 (PHERES2); DNA binding / transcription factor]",22.85,24.2,1.3499999999999979,2.488705177803295,0.029,0.0837,0.0416,0.0903,True,True,lengthened,True
251237_at,AT3G62420;AT3G62422,"[AT3G62420, ATBZIP53 (BASIC REGION/LEUCINE ZIPPER MOTIF 53); DNA binding / protein heterodimerization/ sequence-specific DNA binding / transcription factor];[AT3G62422, CPuORF3 (Conserved peptide upstream open reading frame 3)]",22.2,23.65,1.4499999999999993,0.7614449195954345,0.018,0.0135,0.0333,0.0201,True,True,lengthened,True
246701_at,AT5G28020,ATCYSD2 (Arabidopsis thaliana cysteine synthase D2); cysteine synthase,22.9,24.4,1.5,1.7133260824007652,0.0209,0.0325,0.0173,0.0874,True,True,lengthened,True
252502_at,AT3G46900,COPT2 (Copper transporter 2); copper ion transmembrane transporter,22.549999999999997,24.05,1.5000000000000036,1.48543076550831,0.0096,0.0049,0.0793,0.0398,True,True,lengthened,True
267388_at,AT2G44450,glycosyl hydrolase family 1 protein,23.3,24.85,1.5500000000000007,1.566271851006125,0.0911,0.0944,0.0749,0.0769,True,True,lengthened,True
266805_at,AT2G30010,"similar to PMR5 (POWDERY MILDEW RESISTANT 5) [Arabidopsis thaliana] (TAIR:AT5G58600.1); similar to unnamed protein product [Vitis vinifera] (GB:CAO21434.1); contains InterPro domain Protein of unknown function DUF231, plant (InterPro:IPR004253)",23.55,25.15,1.5999999999999979,0.6809169372177495,0.037,0.016,0.0501,0.0332,True,True,lengthened,True
260037_at,AT1G68840,RAV2 (REGULATOR OF THE ATPASE OF THE VACUOLAR MEMBRANE); DNA binding / transcription factor,24.299999999999997,25.9,1.6000000000000014,1.9665893798281004,0.023,0.0118,0.0941,0.041,True,True,lengthened,True
247386_at,AT5G63420,EMB2746 (EMBRYO DEFECTIVE 2746); catalytic,23.25,24.950000000000003,1.7000000000000028,1.8731086871935148,0.006,0.0233,0.0099,0.0208,True,True,lengthened,True
262882_at,AT1G64900,CYP89A2 (CYTOCHROME P450 89A2); oxygen binding,23.4,25.15,1.75,0.7741719927071502,0.0259,0.0253,0.0186,0.0204,True,True,lengthened,True
262487_at,AT1G21610,wound-responsive family protein,23.95,26.2,2.25,1.0025373079646251,0.0183,0.0953,0.0656,0.0325,True,True,lengthened,True
258295_at,AT3G23400,plastid-lipid associated protein PAP / fibrillin family protein,22.2,24.65,2.4499999999999993,0.9426441894875444,0.0132,0.0269,0.0423,0.0436,True,True,lengthened,True
258240_at,AT3G27660,OLEO4 (OLEOSIN4),23.65,26.1,2.450000000000003,1.98886955129161,0.0528,0.0805,0.0555,0.0494,True,True,lengthened,True
257650_at,AT3G16800,"protein phosphatase 2C, putative / PP2C, putative",23.9,26.5,2.6000000000000014,2.1023078086883293,0.0068,0.0235,0.0743,0.0878,True,True,lengthened,True
248771_at,AT5G47790,forkhead-associated domain-containing protein / FHA domain-containing protein,21.799999999999997,24.549999999999997,2.75,0.9123383915877055,0.0798,0.026,0.0806,0.0185,True,True,lengthened,True
254608_at,AT4G18910,NIP1;2/NLM2 (NOD26-like intrinsic protein 1;2); water channel,20.5,23.299999999999997,2.799999999999997,1.0512634141887949,0.0539,0.0969,0.0758,0.0579,True,True,lengthened,True
260682_at,AT1G17510,unknown protein,22.75,25.55,2.8000000000000007,0.9617574209803696,0.0307,0.0862,0.0678,0.0688,True,True,lengthened,True
248492_at,AT5G51040,similar to unnamed protein product [Vitis vinifera] (GB:CAO23083.1); contains InterPro domain Protein of unknown function DUF339 (InterPro:IPR005631),23.3,26.2,2.8999999999999986,0.651431490819216,0.0075,0.0394,0.0309,0.088,True,True,lengthened,True
248765_at,AT5G47650,ATNUDT2 (Arabidopsis thaliana Nudix hydrolase homolog 2); ADP-ribose diphosphatase/ NAD binding / hydrolase,23.200000000000003,26.2,2.9999999999999964,1.2268748406392098,0.0191,0.0158,0.0173,0.0291,True,True,lengthened,True
247594_at,AT5G60800,heavy-metal-associated domain-containing protein,24.549999999999997,27.6,3.0500000000000043,0.937665598312325,0.0279,0.0347,0.0778,0.0249,True,True,lengthened,True
245876_at,AT1G26230,"chaperonin, putative",23.25,26.35,3.1000000000000014,1.7594194925495703,0.0093,0.0233,0.0398,0.071,True,True,lengthened,True
252603_at,AT3G45050,similar to unnamed protein product [Vitis vinifera] (GB:CAO16789.1),24.8,27.950000000000003,3.150000000000002,0.6265433236226858,0.0829,0.0246,0.0644,0.09,True,True,lengthened,True
255889_at,AT1G17840,"ABCG11/COF1/DSO/WBC11 (DESPERADO); ATPase, coupled to transmembrane movement of substances",24.05,27.5,3.4499999999999993,0.934397731662334,0.0282,0.0175,0.0119,0.024,True,True,lengthened,True
254657_s_at,AT4G18220;AT4G18210,"[AT4G18220, purine permease family protein];[AT4G18210, ATPUP10 (Arabidopsis thaliana purine permease 10); purine transmembrane transporter]",24.1,27.6,3.5,1.7429246096974098,0.0144,0.0446,0.0663,0.0671,True,True,lengthened,True
265051_at,AT1G52100,jacalin lectin family protein,25.1,28.75,3.6499999999999986,1.9241071453484602,0.0176,0.0107,0.0812,0.0858,True,True,lengthened,True
258788_at,AT3G11780,MD-2-related lipid recognition domain-containing protein / ML domain-containing protein,23.1,27.15,4.049999999999997,0.8188012593675591,0.0093,0.0159,0.0881,0.094,True,True,lengthened,True
247601_at,AT5G60850,OBP4 (OBF BINDING PROTEIN 4); DNA binding / transcription factor,22.700000000000003,27.15,4.449999999999996,1.0013140877589155,0.0902,0.0405,0.0835,0.0543,True,True,lengthened,True
259525_at,AT1G12560,ATEXPA7 (ARABIDOPSIS THALIANA EXPANSIN A7),25.15,29.75,4.600000000000001,2.14137557125831,0.0567,0.067,0.0891,0.0393,True,True,lengthened,True
250114_s_at,AT5G16370;AT5G16340,"[AT5G16370, AMP-binding protein, putative];[AT5G16340, AMP-binding protein, putative]",25.15,32.45,7.300000000000004,1.3218349488496899,0.0094,0.0106,0.0826,0.0939,True,True,lengthened,True
261540_at,AT1G63610,similar to unknown protein [Arabidopsis thaliana] (TAIR:AT2G14910.1); similar to unnamed protein product [Vitis vinifera] (GB:CAO62022.1); similar to unknown [Populus trichocarpa] (GB:ABK95713.1),20.799999999999997,31.799999999999997,11.0,0.9454638611220703,0.0935,0.0157,0.0668,0.0466,True,True,lengthened,True
